﻿<?xml version="1.0" encoding="utf-8"?>
<WadSounds xmlns:xsi="http://www.w3.org/2001/XMLSchema-instance" xmlns:xsd="http://www.w3.org/2001/XMLSchema">
	<SoundInfos>
		<WadSoundInfo>
			<Id>202</Id>
			<Name>QUAD_FRONT_IMPACT</Name>
			<Volume>70</Volume>
			<RangeInSectors>10</RangeInSectors>
			<Chance>100</Chance>
			<PitchFactor>-20</PitchFactor>
			<DisablePanning>false</DisablePanning>
			<RandomizePitch>true</RandomizePitch>
			<RandomizeVolume>true</RandomizeVolume>
			<LoopBehaviour>None</LoopBehaviour>
			<Samples>
				<WadSample>
					<FileName>quad_fi.wav</FileName>
				</WadSample>
			</Samples>
			<Global>true</Global>
			<Indexed>true</Indexed>
		</WadSoundInfo>
		<WadSoundInfo>
			<Id>209</Id>
			<Name>MINE_CART_TRACK_LOOP</Name>
			<Volume>70</Volume>
			<RangeInSectors>10</RangeInSectors>
			<Chance>100</Chance>
			<PitchFactor>-30</PitchFactor>
			<DisablePanning>false</DisablePanning>
			<RandomizePitch>false</RandomizePitch>
			<RandomizeVolume>false</RandomizeVolume>
			<LoopBehaviour>Looped</LoopBehaviour>
			<Samples>
				<WadSample>
					<FileName>l_mncr.wav</FileName>
				</WadSample>
			</Samples>
			<Global>true</Global>
			<Indexed>true</Indexed>
		</WadSoundInfo>
		<WadSoundInfo>
			<Id>210</Id>
			<Name>MINE_CART_PULLY_LOOP</Name>
			<Volume>80</Volume>
			<RangeInSectors>10</RangeInSectors>
			<Chance>100</Chance>
			<PitchFactor>-20</PitchFactor>
			<DisablePanning>false</DisablePanning>
			<RandomizePitch>false</RandomizePitch>
			<RandomizeVolume>false</RandomizeVolume>
			<LoopBehaviour>Looped</LoopBehaviour>
			<Samples>
				<WadSample>
					<FileName>l_mncr2.wav</FileName>
				</WadSample>
			</Samples>
			<Global>false</Global>
			<Indexed>true</Indexed>
		</WadSoundInfo>
		<WadSoundInfo>
			<Id>211</Id>
			<Name>MINE_CART_CLUNK_START</Name>
			<Volume>70</Volume>
			<RangeInSectors>10</RangeInSectors>
			<Chance>100</Chance>
			<PitchFactor>-50</PitchFactor>
			<DisablePanning>false</DisablePanning>
			<RandomizePitch>false</RandomizePitch>
			<RandomizeVolume>false</RandomizeVolume>
			<LoopBehaviour>None</LoopBehaviour>
			<Samples>
				<WadSample>
					<FileName>mncrt_k.wav</FileName>
				</WadSample>
			</Samples>
			<Global>true</Global>
			<Indexed>true</Indexed>
		</WadSoundInfo>
		<WadSoundInfo>
			<Id>219</Id>
			<Name>MINE_CART_SREECH_BRAKE</Name>
			<Volume>70</Volume>
			<RangeInSectors>10</RangeInSectors>
			<Chance>100</Chance>
			<PitchFactor>-30</PitchFactor>
			<DisablePanning>false</DisablePanning>
			<RandomizePitch>false</RandomizePitch>
			<RandomizeVolume>false</RandomizeVolume>
			<LoopBehaviour>Looped</LoopBehaviour>
			<Samples>
				<WadSample>
					<FileName>mine_b.wav</FileName>
				</WadSample>
			</Samples>
			<Global>true</Global>
			<Indexed>true</Indexed>
		</WadSoundInfo>
		<WadSoundInfo>
			<Id>220</Id>
			<Name>SPANNER</Name>
			<Volume>90</Volume>
			<RangeInSectors>10</RangeInSectors>
			<Chance>100</Chance>
			<PitchFactor>-10</PitchFactor>
			<DisablePanning>false</DisablePanning>
			<RandomizePitch>false</RandomizePitch>
			<RandomizeVolume>false</RandomizeVolume>
			<LoopBehaviour>None</LoopBehaviour>
			<Samples>
				<WadSample>
					<FileName>spanner.wav</FileName>
				</WadSample>
			</Samples>
			<Global>true</Global>
			<Indexed>true</Indexed>
		</WadSoundInfo>
		<WadSoundInfo>
			<Id>322</Id>
			<Name>GASMETER</Name>
			<Volume>80</Volume>
			<RangeInSectors>10</RangeInSectors>
			<Chance>100</Chance>
			<PitchFactor>0</PitchFactor>
			<DisablePanning>false</DisablePanning>
			<RandomizePitch>false</RandomizePitch>
			<RandomizeVolume>false</RandomizeVolume>
			<LoopBehaviour>None</LoopBehaviour>
			<Samples>
				<WadSample>
					<FileName>gasmeter.wav</FileName>
				</WadSample>
			</Samples>
			<Global>false</Global>
			<Indexed>true</Indexed>
		</WadSoundInfo>
	</SoundInfos>
</WadSounds>